<?xml version="1.0" encoding="UTF-8" ?>
<!DOCTYPE struts PUBLIC
    "-//Apache Software Foundation//DTD Struts Configuration 2.0//EN"
    "http://struts.apache.org/dtds/struts-2.0.dtd">

<struts>
    <constant name="struts.enable.DynamicMethodInvocation" value="false" />
    <constant name="struts.devMode" value="true" />
<?xml version="1.0" encoding="UTF-8" ?>

<!DOCTYPE struts PUBLIC
    "-//Apache Software Foundation//DTD Struts Configuration 2.0//EN"
    "http://struts.apache.org/dtds/struts-2.0.dtd">
    
    <package name="app14b" extends="struts-default">
        <action name="DisplayProducts" 
                class="app14b.DisplayProductsAction">
      	    <result>/jsp/Product.jsp</result>
        </action>
        <action name="GetImage" class="app14b.GetImageAction">
            <result name="success" type="stream">
                <param name="inputName">inputStream</param>
            </result>
        </action>
    </package>
</struts>
