<?xml version="1.0" encoding="UTF-8" ?>
<!DOCTYPE struts PUBLIC
    "-//Apache Software Foundation//DTD Struts Configuration 2.0//EN"
    "http://struts.apache.org/dtds/struts-2.0.dtd">

<struts>

    <constant name="struts.enable.DynamicMethodInvocation" value="false" />
    <constant name="struts.devMode" value="true" />

    <package name="app22a" extends="struts-default">
        <action name="XSL" class="app22a.Product">
            <result name="success" type="xslt">
                <param name="stylesheetLocation">/xsl/Product.xsl</param>
            </result>        
        </action>

    </package>
</struts>
