<?xml version="1.0" encoding="UTF-8" ?>
<!DOCTYPE struts PUBLIC
    "-//Apache Software Foundation//DTD Struts Configuration 2.0//EN"
    "http://struts.apache.org/dtds/struts-2.0.dtd">

<struts>
    <constant name="struts.enable.DynamicMethodInvocation" value="false" />
    <constant name="struts.devMode" value="true" />

    <package name="app14a" extends="struts-default">
        <action name="Menu">
      	    <result>/jsp/Menu.jsp</result>
        </action>
        <action name="ViewCss" class="app14a.FileDownloadAction">
			<result name="success" type="stream">
                <param name="inputName">inputStream</param>
                <param name="contentType">text/css</param>
                <param name="contentDisposition">filename="main.css"</param>
                <param name="bufferSize">2048</param>
            </result>
        </action>
        <action name="DownloadCss" class="app14a.FileDownloadAction">
			<result name="success" type="stream">
                <param name="inputName">inputStream</param>
                <param name="contentType">application/octet-stream</param>
                <param name="contentDisposition">filename="main.css"</param>
                <param name="bufferSize">2048</param>
            </result>
        </action>
    </package>
</struts>
