<?xml version="1.0" encoding="UTF-8" ?>
<!DOCTYPE struts PUBLIC
    "-//Apache Software Foundation//DTD Struts Configuration 2.0//EN"
    "http://struts.apache.org/dtds/struts-2.0.dtd">

<struts>

    <constant name="struts.enable.DynamicMethodInvocation" value="false" />
    <constant name="struts.devMode" value="true" />

    <package name="app09d" extends="struts-default">
        <action name="Language">
            <result>/jsp/Language.jsp</result>
        </action>
        <action name="Main1" class="app09d.Main">
            <result>/jsp/Main1.jsp</result>
        </action>
        <action name="Main2" class="app09d.Main">
            <result>/jsp/Main2.jsp</result>
        </action>
    </package>

</struts>
