<?xml version="1.0" encoding="UTF-8" ?>
<!DOCTYPE struts PUBLIC
    "-//Apache Software Foundation//DTD Struts Configuration 2.0//EN"
    "http://struts.apache.org/dtds/struts-2.0.dtd">

<struts>

    <constant name="struts.enable.DynamicMethodInvocation" value="false" />
    <constant name="struts.devMode" value="true" />

    <package name="app07c" extends="struts-default">
        <action name="Design1">
            <result>/jsp/Design.jsp</result>
        </action>
        <action name="Design2" class="app07c.Design">
            <result name="input">/jsp/Design.jsp</result>
            <result name="success">/jsp/Display.jsp</result>
        </action>
    </package>

</struts>
