<?xml version="1.0" encoding="UTF-8" ?>
<!DOCTYPE struts PUBLIC
    "-//Apache Software Foundation//DTD Struts Configuration 2.0//EN"
    "http://struts.apache.org/dtds/struts-2.0.dtd">

<struts>

    <constant name="struts.enable.DynamicMethodInvocation" value="false" />
    <constant name="struts.devMode" value="true" />

    <package name="app20a" extends="struts-default">
        <action name="Product_input">
            <result type="velocity">/template/Product.vm</result>
        </action>
        <action name="Product_save" class="app20a.Product">
            <result name="input" type="velocity">/template/Product.vm</result>
            <result type="velocity">/template/Details.vm</result>
        </action>
    </package>

</struts>
