<?xml version="1.0" encoding="UTF-8" ?>
<!DOCTYPE struts PUBLIC
    "-//Apache Software Foundation//DTD Struts Configuration 2.0//EN"
    "http://struts.apache.org/dtds/struts-2.0.dtd">

<struts>
    <constant name="struts.enable.DynamicMethodInvocation" value="false" />
    <constant name="struts.devMode" value="true" />

    <package name="app24a" extends="tiles-default">
        <action name="Product_input">
            <result name="success" type="tiles">Product</result>
        </action>
        <action name="Product_add">
            <result name="success" type="tiles">Thanks</result>
        </action>
    </package>
</struts>
