<?xml version="1.0" encoding="UTF-8" ?>
<!DOCTYPE struts PUBLIC
    "-//Apache Software Foundation//DTD Struts Configuration 2.0//EN"
    "http://struts.apache.org/dtds/struts-2.0.dtd">

<struts>

    <constant name="struts.enable.DynamicMethodInvocation" value="false" />
    <constant name="struts.devMode" value="true" />

    <package name="app21a" extends="struts-default">
        <action name="Product_input">
            <result type="freemarker">/template/Product.ftl</result>
        </action>
        <action name="Product_save" class="app21a.Product">
            <result name="input" type="freemarker">/template/Product.ftl</result>
            <result type="freemarker">/template/Details.ftl</result>
        </action>
    </package>

</struts>
