<?xml version="1.0" encoding="UTF-8" ?>
<!DOCTYPE struts PUBLIC
    "-//Apache Software Foundation//DTD Struts Configuration 2.0//EN"
    "http://struts.apache.org/dtds/struts-2.0.dtd">

<struts>
    <constant name="struts.enable.DynamicMethodInvocation" value="false" />
    <constant name="struts.devMode" value="true" />

    <package name="chart" extends="jfreechart-default">
        <action name="chart" class="app25a.GetChartAction">
        	<result name="success" type="chart">
    			<param name="width">400</param>
    			<param name="height">300</param> 
  			</result>
        </action>
    </package>
    <package name="app25a" extends="struts-default">
        <action name="main">
        	<result name="success">/jsp/Main.jsp</result>
        </action>
    </package>
</struts>
