<?xml version="1.0" encoding="UTF-8" ?>
<!DOCTYPE struts PUBLIC
    "-//Apache Software Foundation//DTD Struts Configuration 2.0//EN"
    "http://struts.apache.org/dtds/struts-2.0.dtd">

<struts>
    <constant name="struts.enable.DynamicMethodInvocation" value="false" />
    <constant name="struts.devMode" value="true" />
    <package name="app10b" extends="struts-default">

        <action name="Employee_list" method="list" class="app10b.EmployeeAction">
            <result>/jsp/Employee.jsp</result>
            <result name="input">/jsp/Employee.jsp</result>
        </action>
        <action name="Employee_create" method="create" 
        		class="app10b.EmployeeAction">
            <result type="redirect-action">Employee_list</result>
            <result name="input">/jsp/Employee.jsp</result>
        </action>

        <action name="Employee_edit" method="edit" 
        		class="app10b.EmployeeAction">
       		<interceptor-ref name="paramsPrepareParamsStack"/>
            <result>/jsp/EditEmployee.jsp</result>
        </action>
        <action name="Employee_update" method="update" 
        		class="app10b.EmployeeAction">
            <result type="redirect-action">Employee_list</result>
        </action>
        <action name="Employee_delete" method="delete" 
        		class="app10b.EmployeeAction">
            <result>/jsp/Employee.jsp</result>
        </action>
    </package>

</struts>
