<?xml version="1.0" encoding="UTF-8" ?>
<!DOCTYPE struts PUBLIC
    "-//Apache Software Foundation//DTD Struts Configuration 2.0//EN"
    "http://struts.apache.org/dtds/struts-2.0.dtd">

<struts>

    <constant name="struts.enable.DynamicMethodInvocation" value="false" />
    <constant name="struts.devMode" value="true" />

    <package name="app07b" extends="struts-default">
        <action name="Transaction1">
            <result>/jsp/Transaction.jsp</result>
        </action>
        <action name="Transaction2" class="app07b.Transaction">
            <param name="datePattern">xxxx</param>
            <result name="input">/jsp/Transaction.jsp</result>
            <result name="success">/jsp/Receipt.jsp</result>
        </action>
    </package>

</struts>
