<?xml version="1.0" encoding="UTF-8" ?>
<!DOCTYPE struts PUBLIC
    "-//Apache Software Foundation//DTD Struts Configuration 2.0//EN"
    "http://struts.apache.org/dtds/struts-2.0.dtd">

<struts>
    <package name="app19a" extends="struts-default">
        <result-types>
            <result-type name="captcha" 
                class="com.brainysoftware.captcha.CaptchaResult"
            />
        </result-types>
        <action name="Login_input">
            <result>/jsp/Login.jsp</result>
        </action>
        <action name="Login" class="app19a.Login">
            <param name="hashCookieName">hashCookie</param>
            <result name="success">/jsp/Thanks.jsp</result>
            <result name="input">/jsp/Login.jsp</result>
        </action>
        <action name="GetCaptchaImage">
            <result type="captcha">
                <param name="hashCookieName">hashCookie</param>
                <param name="wordLength">6</param>
                <param name="imageWidth">90</param>
                <param name="imageHeight">25</param>
            </result>
        </action>
    </package>
</struts>