<?xml version="1.0" encoding="UTF-8" ?>
<!DOCTYPE struts PUBLIC
    "-//Apache Software Foundation//DTD Struts Configuration 2.0//EN"
    "http://struts.apache.org/dtds/struts-2.0.dtd">

<struts>

    <constant name="struts.enable.DynamicMethodInvocation" value="false" />
    <constant name="struts.devMode" value="true" />

    <package name="app17a" extends="struts-default">
        <action name="HeavyDuty1" class="app17a.HeavyDuty">
            <interceptor-ref name="defaultStack"/>
            <interceptor-ref name="execAndWait">
                <param name="delay">1500</param>
            </interceptor-ref>
            <result>/jsp/OK.jsp</result>
        </action>
        <action name="HeavyDuty2" class="app17a.HeavyDuty">
            <interceptor-ref name="defaultStack"/>
            <interceptor-ref name="execAndWait">
                <param name="delay">1500</param>
            </interceptor-ref>
            <result name="wait">/jsp/Wait.jsp</result>
            <result>/jsp/OK.jsp</result>
        </action>
    </package>

</struts>
