<?xml version="1.0" encoding="UTF-8" ?>
<!DOCTYPE struts PUBLIC
    "-//Apache Software Foundation//DTD Struts Configuration 2.0//EN"
    "http://struts.apache.org/dtds/struts-2.0.dtd">

<struts>

    <constant name="struts.enable.DynamicMethodInvocation" value="false" />
    <constant name="struts.devMode" value="true" />

    <package name="app16a" extends="struts-default">
        <action name="Debug" class="app16a.DebugTestAction">
            <result>/jsp/Debug.jsp</result>
        </action>
    
        <action name="ProfilingTest" class="app16a.Profiling">
            <interceptor-ref name="profiling">
                <param name="profilingKey">pf</param>
            </interceptor-ref>
            <interceptor-ref name="basicStack"/>

            <result>/jsp/OK.jsp</result>
        </action>
        <action name="DebuggingTest" class="app16a.Profiling">
            <result>/jsp/OK.jsp</result>
        </action>
    </package>

</struts>
