<?xml version="1.0" encoding="UTF-8" ?>
<!DOCTYPE struts PUBLIC
    "-//Apache Software Foundation//DTD Struts Configuration 2.0//EN"
    "http://struts.apache.org/dtds/struts-2.0.dtd">

<struts>

    <constant name="struts.enable.DynamicMethodInvocation" value="false" />
    <constant name="struts.devMode" value="true" />

    <package name="app07f" extends="struts-default">
        <action name="Admin1">
            <result>/jsp/Admin.jsp</result>
        </action>
        <action name="Admin2" class="app07f.Admin">
            <result name="input">/jsp/Admin.jsp</result>
            <result name="success">/jsp/Confirmation.jsp</result>
        </action>
        <action name="Admin1b">
            <result>/jsp/Admin1b.jsp</result>
        </action>
    </package>

</struts>
