<?xml version="1.0" encoding="UTF-8" ?>
<!DOCTYPE struts PUBLIC
    "-//Apache Software Foundation//DTD Struts Configuration 2.0//EN"
    "http://struts.apache.org/dtds/struts-2.0.dtd">

<struts>

    <constant name="struts.enable.DynamicMethodInvocation" value="false" />
    <constant name="struts.devMode" value="true" />

    <package name="app06a" extends="struts-default">
        <action name="A" class="app06a.ATestAction">
            <result>/jsp/A.jsp</result>
        </action>
        <action name="Action" class="app06a.ActionTestAction">
            <result>/jsp/Action.jsp</result>
        </action>
        <action name="Bean" class="app06a.BeanTestAction">
            <result>/jsp/Bean.jsp</result>
        </action>
        <action name="Date" class="app06a.DateTestAction">
            <result>/jsp/Date.jsp</result>
        </action>
        <action name="Generator">
            <result>/jsp/Generator.jsp</result>
        </action>
        <action name="GeneratorConverter" class="app06a.GeneratorConverterTestAction">
            <result>/jsp/GeneratorConverter.jsp</result>
        </action>
        <action name="If" class="app06a.IfTestAction">
            <result>/jsp/If.jsp</result>
        </action>
        <action name="Include" class="app06a.IncludeTestAction">
            <result>/jsp/Include.jsp</result>
        </action>
        <action name="Iterator" class="app06a.IteratorTestAction">
            <result>/jsp/Iterator.jsp</result>
        </action>
        <action name="Merge" class="app06a.MergeTestAction">
            <result>/jsp/Merge.jsp</result>
        </action>
        <action name="Param" class="app06a.ParamTestAction">
            <result>/jsp/Param.jsp</result>
        </action>
        <action name="Property" class="app06a.PropertyTestAction">
            <result>/jsp/Property.jsp</result>
        </action>
        <action name="Push" class="app06a.PushTestAction">
            <result>/jsp/Push.jsp</result>
        </action>
        <action name="Set" class="app06a.SetTestAction">
            <result>/jsp/Set.jsp</result>
        </action>
        <action name="Sort" class="app06a.SortTestAction">
            <result>/jsp/Sort.jsp</result>
        </action>
        <action name="Subset" class="app06a.SubsetTestAction">
            <result>/jsp/Subset.jsp</result>
        </action>
        <action name="Url" class="app06a.UrlTestAction">
            <result>/jsp/Url.jsp</result>
        </action>
    </package>

</struts>
