<?xml version="1.0" encoding="UTF-8" ?>
<!DOCTYPE struts PUBLIC
    "-//Apache Software Foundation//DTD Struts Configuration 2.0//EN"
    "http://struts.apache.org/dtds/struts-2.0.dtd">

<struts>
    <constant name="struts.enable.DynamicMethodInvocation" value="false" />
    <constant name="struts.devMode" value="true" />

    <package name="app23b" extends="captcha-default">
        <action name="Login_input">
            <result>/jsp/Login.jsp</result>
        </action>
        <action name="Login" class="app23b.Login">
            <result name="success">/jsp/Thanks.jsp</result>
            <result name="input">/jsp/Login.jsp</result>
            <param name="hashCookieName">hashCookie</param>
        </action>
        <action name="GetCaptchaImage">
            <result type="captcha">
                <param name="hashCookieName">hashCookie</param>
                <param name="wordLength">6</param>
                <param name="imageWidth">90</param>
                <param name="imageHeight">25</param>
            </result>
        </action>
    </package>
</struts>
