<?xml version="1.0" encoding="UTF-8" ?>
<!DOCTYPE struts PUBLIC
    "-//Apache Software Foundation//DTD Struts Configuration 2.0//EN"
    "http://struts.apache.org/dtds/struts-2.0.dtd">

<struts>
    <constant name="struts.enable.DynamicMethodInvocation" value="false" />
    <constant name="struts.devMode" value="true" />

    <package name="app25b" extends="brainyjfreechart-default">
        <action name="chart" class="app25b.GetBrainyChartAction">
            <result name="success" type="brainyjfreechart"/>
        </action>
        <action name="main">
        	<result name="success" type="dispatcher" >
        	    /jsp/Main.jsp
        	</result>
        </action>
    </package>
</struts>
