<?xml version="1.0" encoding="UTF-8" ?>
<!DOCTYPE struts PUBLIC
    "-//Apache Software Foundation//DTD Struts Configuration 2.0//EN"
    "http://struts.apache.org/dtds/struts-2.0.dtd">

<struts>
    <constant name="struts.enable.DynamicMethodInvocation" value="false" />
    <constant name="struts.devMode" value="true" />

    <package name="app12a" extends="struts-default">
        <action name="File">
      		<result>/jsp/SingleUpload.jsp</result>
	    </action>
        <action name="File_singleUpload" 
        		class="app12a.SingleFileUploadAction" 
        		method="upload">
        	<interceptor-ref name="fileUpload">
        		<param name="maximumSize">100000</param>
        		<param name="allowedTypes">
        			image/gif,image/jpeg,image/png
        		</param>
        	</interceptor-ref>
        	<interceptor-ref name="basicStack"/>
        	
        	<result name="input">/jsp/SingleUpload.jsp</result>
		    <result>/jsp/Confirm.jsp</result>
	    </action>

    </package>

</struts>
